Workbook

Sheet Formulas_Challenge
A1: Country | B1: Sales | C1: Target | D1: Status | E1: Achievement_% | F1: Variance | G1: Variance_% | K1: Total_Transactions
A2: Kenya | B2: 220000 | C2: 200000 | D2: Completed | E2: =Table1[[#This Row],[Sales]]/Table1[[#This Row],[Target]] -> 1.1 | F2: =Table1[[#This Row],[Sales]]-Table1[[#This Row],[Target]] -> 20000 | G2: =Table1[[#This Row],[Variance]]/Table1[[#This Row],[Target]] -> 0.1 | K2: =COUNTA(Table1[Country]) -> 6
A3: Nigeria | B3: 180000 | C3: 250000 | D3: Completed | E3: =Table1[[#This Row],[Sales]]/Table1[[#This Row],[Target]] -> 0.72 | F3: =Table1[[#This Row],[Sales]]-Table1[[#This Row],[Target]] -> -70000 | G3: =Table1[[#This Row],[Variance]]/Table1[[#This Row],[Target]] -> -0.28
A4: Kenya | B4: 150000 | C4: 180000 | D4: Pending | E4: =Table1[[#This Row],[Sales]]/Table1[[#This Row],[Target]] -> 0.83333333 | F4: =Table1[[#This Row],[Sales]]-Table1[[#This Row],[Target]] -> -30000 | G4: =Table1[[#This Row],[Variance]]/Table1[[#This Row],[Target]] -> -0.16666667 | J4: Status | K4: Total_Transactions_Completed
A5: Uganda | B5: 100000 | C5: 80000 | D5: Completed | E5: =Table1[[#This Row],[Sales]]/Table1[[#This Row],[Target]] -> 1.25 | F5: =Table1[[#This Row],[Sales]]-Table1[[#This Row],[Target]] -> 20000 | G5: =Table1[[#This Row],[Variance]]/Table1[[#This Row],[Target]] -> 0.25 | J5: Completed | K5: =COUNTIF(Table1[Status], J5) -> 4
A6: Kenya | B6: 120000 | C6: 100000 | D6: Completed | E6: =Table1[[#This Row],[Sales]]/Table1[[#This Row],[Target]] -> 1.2 | F6: =Table1[[#This Row],[Sales]]-Table1[[#This Row],[Target]] -> 20000 | G6: =Table1[[#This Row],[Variance]]/Table1[[#This Row],[Target]] -> 0.2
A7: Tanzania | B7: 150000 | C7: 150000 | D7: Cancelled | E7: =Table1[[#This Row],[Sales]]/Table1[[#This Row],[Target]] -> 1 | F7: =Table1[[#This Row],[Sales]]-Table1[[#This Row],[Target]] -> 0 | G7: =Table1[[#This Row],[Variance]]/Table1[[#This Row],[Target]] -> 0 | K7: Total_Sales
K8: =SUM(Table1[Sales]) -> 920000
J10: Country | K10: Total_Sales_For_Kenya
J11: Kenya | K11: =SUMIF(Table1[Country], J11, Table1[Sales]) -> 490000
I13: Country | J13: Status | K13: Total_Sales_For_Kenya_&_Status_Completed
I14: Kenya | J14: Completed | K14: =SUMIFS(Table1[Sales], Table1[Country], I14, Table1[Status], J14) -> 340000
K16: Highest_Sales_Value
K17: =MAX(Table1[Sales]) -> 220000
K19: Average_Sales
K20: =AVERAGE(Table1[Sales]) -> 153333.33

Sheet KPI_Calculations_Challenge
A1: Branch | B1: Actual Sales | C1: Target | D1: Achievement_% | E1: Variance | F1: Variance_%
A2: A | B2: 900 | C2: 800 | D2: =Table2[[#This Row],[Actual Sales]]/Table2[[#This Row],[Target]] -> 1.125 | E2: =Table2[[#This Row],[Actual Sales]]-Table2[[#This Row],[Target]] -> 100 | F2: =Table2[[#This Row],[Variance]]/Table2[[#This Row],[Target]] -> 0.125
A3: B | B3: 600 | C3: 500 | D3: =Table2[[#This Row],[Actual Sales]]/Table2[[#This Row],[Target]] -> 1.2 | E3: =Table2[[#This Row],[Actual Sales]]-Table2[[#This Row],[Target]] -> 100 | F3: =Table2[[#This Row],[Variance]]/Table2[[#This Row],[Target]] -> 0.2
A4: C | B4: 700 | C4: 1000 | D4: =Table2[[#This Row],[Actual Sales]]/Table2[[#This Row],[Target]] -> 0.7 | E4: =Table2[[#This Row],[Actual Sales]]-Table2[[#This Row],[Target]] -> -300 | F4: =Table2[[#This Row],[Variance]]/Table2[[#This Row],[Target]] -> -0.3
A5: D | B5: 450 | C5: 300 | D5: =Table2[[#This Row],[Actual Sales]]/Table2[[#This Row],[Target]] -> 1.5 | E5: =Table2[[#This Row],[Actual Sales]]-Table2[[#This Row],[Target]] -> 150 | F5: =Table2[[#This Row],[Variance]]/Table2[[#This Row],[Target]] -> 0.5

Sheet Case_Study
A1: Country | B1: Branch | C1: Quarter | D1: Product | E1: Salesperson | F1: Actual Sales | G1: Target | H1: Status | I1: Achievement_% | J1: Variance | K1: Variance_%
A2: Kenya | B2: Nairobi | C2: Q1 | D2: Product A | E2: Rahul | F2: 180 | G2: 160 | H2: Completed | I2: =Table4[[#This Row],[Actual Sales]]/Table4[[#This Row],[Target]] -> 1.125 | J2: =Table4[[#This Row],[Actual Sales]]-Table4[[#This Row],[Target]] -> 20 | K2: =Table4[[#This Row],[Variance]]/Table4[[#This Row],[Target]] -> 0.125
A3: Kenya | B3: Mombasa | C3: Q1 | D3: Product A | E3: Priya | F3: 140 | G3: 150 | H3: Completed | I3: =Table4[[#This Row],[Actual Sales]]/Table4[[#This Row],[Target]] -> 0.93333333 | J3: =Table4[[#This Row],[Actual Sales]]-Table4[[#This Row],[Target]] -> -10 | K3: =Table4[[#This Row],[Variance]]/Table4[[#This Row],[Target]] -> -0.066666667
A4: Nigeria | B4: Lagos | C4: Q1 | D4: Product B | E4: Amit | F4: 250 | G4: 300 | H4: Completed | I4: =Table4[[#This Row],[Actual Sales]]/Table4[[#This Row],[Target]] -> 0.83333333 | J4: =Table4[[#This Row],[Actual Sales]]-Table4[[#This Row],[Target]] -> -50 | K4: =Table4[[#This Row],[Variance]]/Table4[[#This Row],[Target]] -> -0.16666667
A5: Nigeria | B5: Abuja | C5: Q1 | D5: Product C | E5: Neha | F5: 120 | G5: 150 | H5: Pending | I5: =Table4[[#This Row],[Actual Sales]]/Table4[[#This Row],[Target]] -> 0.8 | J5: =Table4[[#This Row],[Actual Sales]]-Table4[[#This Row],[Target]] -> -30 | K5: =Table4[[#This Row],[Variance]]/Table4[[#This Row],[Target]] -> -0.2
A6: Tanzania | B6: Arusha | C6: Q1 | D6: Product A | E6: Rahul | F6: 100 | G6: 90 | H6: Completed | I6: =Table4[[#This Row],[Actual Sales]]/Table4[[#This Row],[Target]] -> 1.1111111 | J6: =Table4[[#This Row],[Actual Sales]]-Table4[[#This Row],[Target]] -> 10 | K6: =Table4[[#This Row],[Variance]]/Table4[[#This Row],[Target]] -> 0.11111111
A7: Tanzania | B7: Dar es Salaam | C7: Q1 | D7: Product B | E7: Priya | F7: 170 | G7: 150 | H7: Completed | I7: =Table4[[#This Row],[Actual Sales]]/Table4[[#This Row],[Target]] -> 1.1333333 | J7: =Table4[[#This Row],[Actual Sales]]-Table4[[#This Row],[Target]] -> 20 | K7: =Table4[[#This Row],[Variance]]/Table4[[#This Row],[Target]] -> 0.13333333
A8: Uganda | B8: Kampala | C8: Q1 | D8: Product C | E8: Amit | F8: 90 | G8: 100 | H8: Completed | I8: =Table4[[#This Row],[Actual Sales]]/Table4[[#This Row],[Target]] -> 0.9 | J8: =Table4[[#This Row],[Actual Sales]]-Table4[[#This Row],[Target]] -> -10 | K8: =Table4[[#This Row],[Variance]]/Table4[[#This Row],[Target]] -> -0.1
A9: Uganda | B9: Entebbe | C9: Q1 | D9: Product B | E9: Neha | F9: 80 | G9: 100 | H9: Completed | I9: =Table4[[#This Row],[Actual Sales]]/Table4[[#This Row],[Target]] -> 0.8 | J9: =Table4[[#This Row],[Actual Sales]]-Table4[[#This Row],[Target]] -> -20 | K9: =Table4[[#This Row],[Variance]]/Table4[[#This Row],[Target]] -> -0.2
A10: Kenya | B10: Nairobi | C10: Q2 | D10: Product B | E10: Rahul | F10: 220 | G10: 200 | H10: Completed | I10: =Table4[[#This Row],[Actual Sales]]/Table4[[#This Row],[Target]] -> 1.1 | J10: =Table4[[#This Row],[Actual Sales]]-Table4[[#This Row],[Target]] -> 20 | K10: =Table4[[#This Row],[Variance]]/Table4[[#This Row],[Target]] -> 0.1
A11: Kenya | B11: Mombasa | C11: Q2 | D11: Product C | E11: Priya | F11: 180 | G11: 160 | H11: Completed | I11: =Table4[[#This Row],[Actual Sales]]/Table4[[#This Row],[Target]] -> 1.125 | J11: =Table4[[#This Row],[Actual Sales]]-Table4[[#This Row],[Target]] -> 20 | K11: =Table4[[#This Row],[Variance]]/Table4[[#This Row],[Target]] -> 0.125
A12: Nigeria | B12: Lagos | C12: Q2 | D12: Product A | E12: Amit | F12: 280 | G12: 250 | H12: Completed | I12: =Table4[[#This Row],[Actual Sales]]/Table4[[#This Row],[Target]] -> 1.12 | J12: =Table4[[#This Row],[Actual Sales]]-Table4[[#This Row],[Target]] -> 30 | K12: =Table4[[#This Row],[Variance]]/Table4[[#This Row],[Target]] -> 0.12
A13: Nigeria | B13: Abuja | C13: Q2 | D13: Product B | E13: Neha | F13: 160 | G13: 150 | H13: Completed | I13: =Table4[[#This Row],[Actual Sales]]/Table4[[#This Row],[Target]] -> 1.0666667 | J13: =Table4[[#This Row],[Actual Sales]]-Table4[[#This Row],[Target]] -> 10 | K13: =Table4[[#This Row],[Variance]]/Table4[[#This Row],[Target]] -> 0.066666667
... A17: Uganda | B17: Entebbe | C17: Q2 | D17: Product C | E17: Neha | F17: 120 | G17: 100 | H17: Completed | I17: =Table4[[#This Row],[Actual Sales]]/Table4[[#This Row],[Target]] -> 1.2 | J17: =Table4[[#This Row],[Actual Sales]]-Table4[[#This Row],[Target]] -> 20 | K17: =Table4[[#This Row],[Variance]]/Table4[[#This Row],[Target]] -> 0.2

Sheet Helping_Table
A1: Country | B1: Total_Sales | C1: Total_Target | D1: Total_Achievement_% | E1: Total_Variance | F1: Total_Variance_% | H1: Quarter | I1: Total_Sales | J1: Total_Target | K1: Total_Achievement_% | L1: Total_Variance | M1: Total_Variance_%
A2: Kenya | B2: =SUMIF(Table4[Country], A2, Table4[Actual Sales]) -> 720 | C2: =SUMIF(Table4[Country], Table36[[#This Row],[Country]], Table4[Target]) -> 670 | D2: =Table36[[#This Row],[Total_Sales]]/ Table36[[#This Row],[Total_Target]] -> 1.0746269 | E2: =Table36[[#This Row],[Total_Sales]] - Table36[[#This Row],[Total_Target]] -> 50 | F2: =Table36[[#This Row],[Total_Variance]] / Table36[[#This Row],[Total_Target]] -> 0.074626866 | H2: Q1 | I2: =SUMIF(Table4[Quarter], Helping_Table!H2, Table4[Actual Sales]) -> 1130 | J2: =SUMIF(Table4[Quarter], Helping_Table!H2, Table4[Target]) -> 1200 | K2: =I2/J2 -> 0.94166667 | L2: =I2-J2 -> -70 | M2: =L2/J2 -> -0.058333333
A3: Nigeria | B3: =SUMIF(Table4[Country], A3, Table4[Actual Sales]) -> 810 | C3: =SUMIF(Table4[Country], Table36[[#This Row],[Country]], Table4[Target]) -> 850 | D3: =Table36[[#This Row],[Total_Sales]]/ Table36[[#This Row],[Total_Target]] -> 0.95294118 | E3: =Table36[[#This Row],[Total_Sales]] - Table36[[#This Row],[Total_Target]] -> -40 | F3: =Table36[[#This Row],[Total_Variance]] / Table36[[#This Row],[Total_Target]] -> -0.047058824 | H3: Q2 | I3: =SUMIF(Table4[Quarter], Helping_Table!H3, Table4[Actual Sales]) -> 1390 | J3: =SUMIF(Table4[Quarter], Helping_Table!H3, Table4[Target]) -> 1260 | K3: =I3/J3 -> 1.1031746 | L3: =I3-J3 -> 130 | M3: =L3/J3 -> 0.1031746
A4: Tanzania | B4: =SUMIF(Table4[Country], A4, Table4[Actual Sales]) -> 590 | C4: =SUMIF(Table4[Country], Table36[[#This Row],[Country]], Table4[Target]) -> 540 | D4: =Table36[[#This Row],[Total_Sales]]/ Table36[[#This Row],[Total_Target]] -> 1.0925926 | E4: =Table36[[#This Row],[Total_Sales]] - Table36[[#This Row],[Total_Target]] -> 50 | F4: =Table36[[#This Row],[Total_Variance]] / Table36[[#This Row],[Total_Target]] -> 0.092592593
A5: Uganda | B5: =SUMIF(Table4[Country], A5, Table4[Actual Sales]) -> 400 | C5: =SUMIF(Table4[Country], Table36[[#This Row],[Country]], Table4[Target]) -> 400 | D5: =Table36[[#This Row],[Total_Sales]]/ Table36[[#This Row],[Total_Target]] -> 1 | E5: =Table36[[#This Row],[Total_Sales]] - Table36[[#This Row],[Total_Target]] -> 0 | F5: =Table36[[#This Row],[Total_Variance]] / Table36[[#This Row],[Total_Target]] -> 0
A8: Branch | B8: Total_Sales | C8: Total_Target | D8: Total_Achievement_% | E8: Total_Variance | F8: Total_Variance_%
A9: Nairobi | B9: =SUMIF(Table4[Branch], Helping_Table!A9, Table4[Actual Sales]) -> 400 | C9: =SUMIF(Table4[Branch], Helping_Table!A9, Table4[Target]) -> 360 | D9: =B9/ C9 -> 1.1111111 | E9: =B9-C9 -> 40 | F9: =E9/C9 -> 0.11111111
A10: Mombasa | B10: =SUMIF(Table4[Branch], Helping_Table!A10, Table4[Actual Sales]) -> 320 | C10: =SUMIF(Table4[Branch], Helping_Table!A10, Table4[Target]) -> 310 | D10: =B10/ C10 -> 1.0322581 | E10: =B10-C10 -> 10 | F10: =E10/C10 -> 0.032258065
A11: Lagos | B11: =SUMIF(Table4[Branch], Helping_Table!A11, Table4[Actual Sales]) -> 530 | C11: =SUMIF(Table4[Branch], Helping_Table!A11, Table4[Target]) -> 550 | D11: =B11/ C11 -> 0.96363636 | E11: =B11-C11 -> -20 | F11: =E11/C11 -> -0.036363636
A12: Abuja | B12: =SUMIF(Table4[Branch], Helping_Table!A12, Table4[Actual Sales]) -> 280 | C12: =SUMIF(Table4[Branch], Helping_Table!A12, Table4[Target]) -> 300 | D12: =B12/ C12 -> 0.93333333 | E12: =B12-C12 -> -20 | F12: =E12/C12 -> -0.066666667
A13: Arusha | B13: =SUMIF(Table4[Branch], Helping_Table!A13, Table4[Actual Sales]) -> 230 | C13: =SUMIF(Table4[Branch], Helping_Table!A13, Table4[Target]) -> 210 | D13: =B13/ C13 -> 1.0952381 | E13: =B13-C13 -> 20 | F13: =E13/C13 -> 0.095238095
A14: Dar es Salaam | B14: =SUMIF(Table4[Branch], Helping_Table!A14, Table4[Actual Sales]) -> 360 | C14: =SUMIF(Table4[Branch], Helping_Table!A14, Table4[Target]) -> 330 | D14: =B14/ C14 -> 1.0909091 | E14: =B14-C14 -> 30 | F14: =E14/C14 -> 0.090909091
A15: Kampala | B15: =SUMIF(Table4[Branch], Helping_Table!A15, Table4[Actual Sales]) -> 200 | C15: =SUMIF(Table4[Branch], Helping_Table!A15, Table4[Target]) -> 200 | D15: =B15/ C15 -> 1 | E15: =B15-C15 -> 0 | F15: =E15/C15 -> 0
A16: Entebbe | B16: =SUMIF(Table4[Branch], Helping_Table!A16, Table4[Actual Sales]) -> 200 | C16: =SUMIF(Table4[Branch], Helping_Table!A16, Table4[Target]) -> 200 | D16: =B16/ C16 -> 1 | E16: =B16-C16 -> 0 | F16: =E16/C16 -> 0
A18: Salesperson | B18: Total_Sales | C18: Total_Target | D18: Total_Achievement_% | E18: Total_Variance | F18: Total_Variance_%
A19: Rahul | B19: =SUMIF(Table4[Salesperson], Helping_Table!A19, Table4[Actual Sales]) -> 630 | C19: =SUMIF(Table4[Salesperson], Helping_Table!A19, Table4[Target]) -> 570 | D19: =B19/C19 -> 1.1052632 | E19: =B19-C19 -> 60 | F19: =E19/C19 -> 0.10526316
A20: Priya | B20: =SUMIF(Table4[Salesperson], Helping_Table!A20, Table4[Actual Sales]) -> 680 | C20: =SUMIF(Table4[Salesperson], Helping_Table!A20, Table4[Target]) -> 640 | D20: =B20/C20 -> 1.0625 | E20: =B20-C20 -> 40 | F20: =E20/C20 -> 0.0625
A21: Amit | B21: =SUMIF(Table4[Salesperson], Helping_Table!A21, Table4[Actual Sales]) -> 730 | C21: =SUMIF(Table4[Salesperson], Helping_Table!A21, Table4[Target]) -> 750 | D21: =B21/C21 -> 0.97333333 | E21: =B21-C21 -> -20 | F21: =E21/C21 -> -0.026666667
A22: Neha | B22: =SUMIF(Table4[Salesperson], Helping_Table!A22, Table4[Actual Sales]) -> 480 | C22: =SUMIF(Table4[Salesperson], Helping_Table!A22, Table4[Target]) -> 500 | D22: =B22/C22 -> 0.96 | E22: =B22-C22 -> -20 | F22: =E22/C22 -> -0.04

Sheet KPI_Calculations
A2: Highest_Sales_Country | B2: Highest_Sales | D2: Highest_Sales_Branch | E2: Highest_Sales
A3: =INDEX(Table36[Country], MATCH(KPI_Calculations!B3, Table36[Total_Sales], 0)) -> Nigeria | B3: =MAX(Table36[Total_Sales]) -> 810 | D3: =INDEX(Table6[Branch], MATCH(KPI_Calculations!E3, Table6[Total_Sales], 0)) -> Lagos | E3: =MAX(Table6[Total_Sales]) -> 530
A5: Highest_Achivement_Country | B5: Highest_Achievement_% | D5: Highest_Achievement_Branch | E5: Highest_Achievement_%
A6: =INDEX(Table36[Country], MATCH(B6, Table36[Total_Achievement_%], 0)) -> Tanzania | B6: =MAX(Table36[Total_Achievement_%]) -> 1.0925926 | D6: =INDEX(Table6[Branch], MATCH(KPI_Calculations!E6, Table6[Total_Achievement_%], 0)) -> Nairobi | E6: =MAX(Table6[Total_Achievement_%]) -> 1.1111111
A8: Largest_Variance_Country | B8: Largest_Positive_Variance | D8: Largest_Positive_Variance_Branch | E8: Largest_Positive_Variance
A9: =INDEX(Table36[Country], MATCH(KPI_Calculations!B9, Table36[Total_Variance], 0)) -> Kenya | B9: =MAX(Table36[Total_Variance]) -> 50 | D9: =INDEX(Table6[Branch], MATCH(KPI_Calculations!E9, Table6[Total_Variance], 0)) -> Nairobi | E9: =MAX(Table6[Total_Variance]) -> 40
A11: Highest_Variance_%_Country | B11: Highest_Variance_%
A12: =INDEX(Table36[Country], MATCH(KPI_Calculations!B12, Table36[Total_Variance_%], 0)) -> Tanzania | B12: =MAX(Table36[Total_Variance_%]) -> 0.092592593
D13: Highest_Sales_Salesperson | E13: Highest_Sales
D14: =INDEX(Table7[Salesperson], MATCH(KPI_Calculations!E14, Table7[Total_Sales], 0)) -> Amit | E14: =MAX(Table7[Total_Sales]) -> 730
A16: Highest_Actual_Sales_Quarter | B16: Highest_Sales | D16: Highest_Achievement_Salesperson | E16: Highest_Achievement_%
A17: =INDEX(Table8[Quarter], MATCH(KPI_Calculations!B17, Table8[Total_Sales], 0)) -> Q2 | B17: =MAX(Table8[Total_Sales]) -> 1390 | D17: =INDEX(Table7[Salesperson], MATCH(KPI_Calculations!E17, Table7[Total_Achievement_%], 0)) -> Rahul | E17: =MAX(Table7[Total_Achievement_%]) -> 1.1052632
A19: Better_Target_Performance_Quarter | B19: Highest_Achievement_% | D19: Largest_Positive_Variance_Salesperson | E19: Largest_Positive_Variance
A20: =INDEX(Table8[Quarter], MATCH(KPI_Calculations!B20, Table8[Total_Achievement_%], 0)) -> Q2 | B20: =MAX(Table8[Total_Achievement_%]) -> 1.1031746 | D20: =INDEX(Table7[Salesperson], MATCH(KPI_Calculations!E20, Table7[Total_Variance], 0)) -> Rahul | E20: =MAX(Table7[Total_Variance]) -> 60
